Afghanistan,,,,,,,1118.180665,1123.920517,22569.27753,28244.11862,338045.0412,598865.0634,553770.979,549055.8896,1085510.338,1256469.72,34.002475,66.339673,
Albania,350.8201173,1002.157509,1502.476346,2002.216783,2502.336429,3504.906186,10026.04758,12052.64537,30194.03992,75633.75434,189886.9632,303349.6586,476594.4875,759081.3242,1315401.876,1441927.8,41.070651,20.154356,
Algeria,500.4652349,500.4690389,3002.798156,6005.526744,60054.70146,150136.5614,200180.4273,500441.4258,700615.2935,1501386.774,1921981.915,2462985.504,3204577.873,3504773.25,3924903.866,4433526,28.533988,1.643238,
American Samoa,,,,,,,,,,,,,,,,,-14.292615,-170.698258,
Andorra,,995.7560492,1979.716334,4424.113974,4885.693778,6811.671008,,7774.565416,9780.916489,20206.83262,29290.37919,39087.81717,57681.093,57836.9308,65711.5481,68739.84,42.54105,1.585774,
Angola,,96.62424536,725.7990336,2424.499171,9723.481594,14629.03685,19570.00712,40260.379,57158.96317,74172.60674,188529.9961,324497.823,560811.744,829746.344,1113306.9,1908191.2,-12.718445,17.898861,
Antigua and Barbuda,1510.651721,2013.777727,2517.193852,3020.806471,4027.722562,5033.837218,7045.119378,10063.375,14078.56264,20101.91948,29132.61666,53212.97216,60206.061,65186.8143,65149.084,70968,17.082349,-61.780126,
Argentina,30072.01462,50091.71693,100123.1898,300194.5656,1200183.504,2599435.568,3648448.079,4097918.576,4527353.73,6148589.451,6854529.687,8166599.958,10214687.58,11164731.06,13621239.8,14548455.36,-34.869882,-65.200124,
Armenia,1700.00211,3000.027426,3500.07369,4000.153105,30001.85411,40003.73235,50006.2634,60009.31192,140026.9938,150037.6244,161054.0532,172887.0992,185104.2279,191211.3027,472001.787,1360511.68,40.397959,45.019453,
Aruba,,2299.667794,,,3985.354918,13940.3907,15794.073,17784.048,20150,22780.58,25652.984,28759.08,32205.525,36089.892,40192.724,45144.96,12.514668,-69.968864,
Australia,500005.6849,600013.8871,3032448.684,5772822.817,7727668.143,8960506.11,10212332.68,,,,12854217.6,13691234.7,14667831.67,15418952.64,16262457.75,16923971.84,-23.092653,133.322657,
Austria,150000,550001.3818,760005.8157,1230014.496,1840018.205,2700000,3149914.576,2955166.37,3473318.345,4443118.168,4774673.68,5261760.288,5764496.467,6078674.032,6147499.846,6102179.188,47.447719,13.334746,
Azerbaijan,159.6097527,498.5368569,1993.295476,2989.680349,7977.324202,11984.20767,25030.21729,413988.8918,,,689640.7658,1043525.574,1282575.145,1527566.88,2484249.496,4226380.18,40.404542,47.696938,
Bahrain,1935.529548,4847.986562,9762.323784,19670.84228,29585.55256,39272.69035,96624.72893,115898.2636,139495.8442,144150.8322,154410.9518,229174.2544,304658.7303,546700.5005,619876.34,694009.25,26.055129,50.535163,
Bangladesh,,,919.0578082,4598.769634,46014.12635,92061.60448,171274.5912,187865.9734,223717.2149,275930.8387,339712.8949,1423535.01,2591222.49,3636957.5,4557934.495,5501608.847,23.835315,90.27363,
Barbados,20.42063646,1029.108555,2076.776033,5239.700522,6338.829065,10630.0267,32012.60489,74827.6534,106919.4896,134433.606,151673.3438,170769.06,175736.846,180999.7,187379.25,191878.362,13.147473,-59.539836,
Belarus,300.1364226,3001.420967,5002.278981,7503.166021,50020.21095,187115.3088,430483.4926,891819.5543,,,,1583845.326,1916460.916,2226558.7,2643159.189,3041748.457,53.839122,27.942589,
Belgium,99958.36999,299755.9075,499407.4797,798808.6468,1397655.418,2994875.942,3194940.666,4750689.783,5148463.068,5578276.43,6228738.403,6722850.507,7300197.667,6997430.22,7462656.6,8034049.5,50.699993,4.448323,
Belize,100.0149811,1998.702273,2995.258017,4987.367241,9966.448425,14940.12309,,14930.65214,,15924.04568,25876.02952,29856.45684,31833.2664,33843.7047,35823.1854,43627.78,17.228772,-88.659648,
Benin,,98.5720393,1475.992812,2946.708252,9804.784976,14681.22699,24426.54111,48770.25995,68162.35947,87484.20322,97027.45148,121055.3882,145215.0567,154585.63,192679.6704,277001.6196,9.026562,2.29865,
Bermuda,4198.974275,9997.083556,14994.92026,19992.61614,24989.21415,26987.11504,29984.3218,32981.78894,35979.08686,38976.21356,41971.20329,44965.05017,47957.62016,53212.711,53947.665,54686.8161,32.298026,-64.767541,
Bhutan,,,,,764.0405487,2290.443266,5084.448272,10155.76585,15216.83647,20280.46648,25363.70547,30484.22806,40763.9952,45939.2765,51169.7805,98727.84,27.471219,90.409422,
Bolivia,4991.143321,14975.93888,34950.84967,49938.52938,79907.9941,119853.949,179745.4385,269533.0445,309314.736,398834.7418,478149.0693,577075.3914,993595.671,1041679.868,1397602.063,1985969.8,-17.265901,-63.566077,
Bosnia and Herzegovina,,500.0015126,2000.03625,5000.162348,7000.266293,40001.29955,45000.19208,99995.49794,149986.1224,584937.196,806362.7781,950025.1224,1055106.293,1308125.242,1421923.564,1955277.48,44.035648,17.667438,
Botswana,1023.069498,2556.590625,5110.253386,10214.23184,19396.93374,51026.70221,61222.42496,61220.9636,61221.22858,61214.57985,61194.84516,81547.55042,101774.112,122176.375,121866.924,120416.7,-21.886469,24.66421,
Brazil,170164.1922,740838.3146,1311723.746,2503663.726,3505320.092,5007203.697,8009871.983,16403933.51,23989344.64,35071405.33,39099569.36,52963579.27,58609644.02,64799077.08,75791320.44,79245740.06,-9.781292,-53.880595,
Brunei,2945.606553,9817.159582,14721.48951,19621.97272,24520.79006,29421.08909,43190.30257,52364.57011,68341.68868,105770.6129,132417.8564,156223.2226,168672.8084,176959.7,192000.13,199460,4.39728,114.551333,
Bulgaria,10000,60000.10879,100000.3781,150000.904,234601.9775,430004.619,605007.2317,716654.0728,943950.0868,1412178.334,1545501.266,2083090.968,2570191.201,3011477.437,3394203.3,3464629.684,42.475932,25.474522,
Burkina Faso,,105.5818327,2111.858378,5278.735305,7383.795859,9476.245219,19950.74978,26160.06094,50024.56553,55199.66309,66720.6348,92515.77814,112958.4525,142740.3736,180624.6127,230561.996,12.802031,-1.566205,
Burundi,0,49.3426295,493.2484374,985.9775587,2463.476332,4924.084088,6889.713124,7869.367063,13764.59892,24572.22989,39313.07788,49150.85726,53954.467,64341.4185,155246.207,176039.829,-3.431481,29.910427,
Cambodia,,,685.6773972,1956.733726,3908.093538,5852.884028,9737.776089,29156.50078,33937.10811,39639.49369,42386.49173,63302.55099,66982.2993,70495.4844,74082.8859,178142.013,12.517346,104.96197,
Cameroon,,,990.3964379,1979.30559,19778.38193,39528.06399,44438.30338,59212.11629,98622.85352,167545.9512,246216.1579,364127.1287,537655.6446,637798.452,736321.0752,783955.56,5.375196,12.356667,
Canada,1220000,1999829.101,4499135.148,7497596.156,10994823.89,15732358.25,18642276.07,19267447.73,20292696.8,21068712.44,23134293.76,23622656.07,24139408.49,25562540.72,27041384.74,27757539.89,58.473099,-98.310674,
Cape Verde,,,994.9396737,1991.174037,4979.549509,7968.417048,11952.30849,15930.82123,19895.81351,24827.45709,28723.32533,32564.77441,40009.85687,97474.2,122905.25,148799.7,15.938534,-23.617223,
Cayman Islands,1294.945322,,,,,,,,,,19879.81135,23901.84,28433.08,33729.95,35967.135,37111.8,19.316749,-81.25917,
Central African Rep.,,199.2604474,497.2013376,992.353567,1485.397877,1976.44249,2958.784336,4921.992109,5895.927518,8829.450907,10775.77774,12718.737,15637.47665,42379.61,77726.304,101224.173,6.995676,20.914284,
Chad,,,49.02422599,328.2409939,979.2054827,2935.952574,3912.643841,14665.94257,29320.70243,34196.42943,39070.96726,58593.16037,87872.76326,126779.7678,164056.335,190862.536,15.162517,18.716795,
Chile,49997.90424,99997.7377,156872.9281,249999.3018,625014.6492,2559690.12,2980402.2,3488262.011,4065562.38,4545719.353,5082119.652,5681323.213,5971338.186,6264756.189,6578825.956,7701159.6,-35.639464,-71.362306,
China,60149.50994,160399.1262,400999.741,2105102.278,8919464.192,22538411.74,33732185.84,59097714.83,80190592.55,94940305.78,111449553.6,138335407.2,211437109.6,300190268.4,385788649,460077957.1,32.320412,104.187418,
Colombia,68549.33023,122478.2452,207959.6138,432910.8367,663857.7811,877807.0837,1153741.752,1889594.256,3083539.288,3865021.81,4737587.799,6703780.951,9668807.286,11521480.19,13696213.2,16897616.97,3.370786,-72.963384,
Comoros,,,0,202.1378162,811.7315435,1528.456676,2559.025569,3291.320451,5167.771857,8307.422248,20860.10028,21991.78939,23230.90276,24264.0354,25728.45182,37472.25,-11.608267,43.35648,
Costa Rica,14459.46336,29917.19793,59839.58636,99737.97497,149594.3018,227322.3564,382660.9077,812345.9647,845967.4375,880679.9824,951087.4491,1099836.82,1264540.672,1460193.84,1576018.207,1700493.755,10.183095,-84.254232,
Croatia,24000,40000.28346,80001.17613,150003.2405,200005.1543,299387.3758,518011.3274,793163.9088,1013873.543,1375347.25,1472074.16,1683953.822,1834132.328,2235703.822,2481993.173,2656088.656,45.16266,16.337486,
Cuba,9.991451974,3498.161974,7498.963735,25008.16117,34831.15122,60094.60412,120286.1558,421379.2423,587442.9555,944634.5653,1095945.087,1257142.926,1317309.51,1457937.507,1613934.592,1790018.661,22.093211,-79.540489,
Cyprus,3508.270767,5880.154276,38999.80895,80731.34098,104974.3533,143903.2198,180938.9808,277500.3168,300338.5206,343647.1698,338783.5922,375595.8576,433396.1079,455679.1231,543164.6013,584862.9355,34.64009,32.987629,
Czech Rep.,149999.3895,200053.3022,300199.8711,400448.7694,701068.3769,1001808.713,1502888.876,2443133.35,3498369.161,3621591.075,3604819.023,4917040.923,5355813.533,6534622.962,6726321.261,7220731.641,49.869631,15.456787,
Denmark,200210.5259,300334.784,600693.5056,1201363.978,1627645.852,2091612.337,2300828.651,3450550.748,4106209.786,4370446.604,4484047.966,4716051.026,4650401.239,4673814.662,4797800.582,4924085.982,54.956955,9.529681,
Djibouti,100.4390844,200.8458518,552.1871673,652.3986498,752.5731872,1423.607718,2575.086608,3726.711669,4880.080404,6201.611319,7708.680264,10461.10042,13599.1386,19337.3736,34883.6,57766.54,11.283362,42.584175,
Dominica,391.6190393,829.6624368,,2059.99883,2052.603029,6141.478249,9198.413516,12768.63494,16345.33054,20946.9111,26566.20612,27066.54575,27561.42601,28054.2444,28540.8244,32150.6965,15.399601,-61.368407,
Dominican Rep.,1364.265095,6040.03312,11686.99628,19472.60771,93441.04862,318305.9447,386519.9714,604633.9602,710491.8803,809421.928,1063834.102,1395168.676,1683343.076,2012242.174,2715687.374,3924269.596,18.931043,-70.168865,
Ecuador,4990.243508,9980.98593,12977.06805,14982.10478,100024.7341,180507.511,335195.0513,543993.6245,579294.1006,638575.1949,804812.7948,982058.976,1495769.868,2642667.12,3508345.236,4194774.31,-1.176354,-78.119723,
Egypt,19438.16077,38798.21271,58087.94432,96649.3734,193021.6136,433805.6595,577933.1213,1908749.79,2887024.578,3752002.714,8680587.574,9485956.745,12349122.31,14106025.97,19355094.09,21691775.99,26.71951,30.793965,
El Salvador,,5003.16877,15004.19874,24996.82336,49974.08761,69940.98885,89490.405,113776.427,150213.075,192921.344,254121.546,334096.785,372763.0348,617866.5024,746027.2253,984685.887,13.750569,-88.909194,
Equatorial Guinea,,,195.9035255,460.8248419,490.9773352,688.7472064,887.7707287,1780.814844,2977.393631,4977.450183,6987.720246,8004.899311,10026.87594,12054.3514,14507.7495,42024.06,1.584052,10.341777,
Eritrea,0,0,300.7550535,300.8039833,902.4946885,5014.014341,6016.665295,9024.500755,30080.71107,50137.07069,80233.09,100321.4242,120436.5125,200869.3526,,283698.504,14.786722,39.773985,
Estonia,40036.87691,50046.95448,80069.78776,150109.5798,200106.8716,391718.3086,429663.8819,563278.5888,612706.006,717374.868,827029.1265,853598.5338,888847.6387,947285.941,972681.025,993784.74,58.721875,25.797707,
Ethiopia,10.01040505,1001.191136,3003.958923,6008.211864,8010.169481,10009.65754,25011.66899,49987.00597,74897.73726,112658.8776,163127.8627,236029.9294,287558.2132,357508.8855,438413.8554,622121.5575,9.201377,40.484484,
Faeroe Islands,0,1006.724482,2012.883633,5029.251701,10049.50054,15056.94536,20048.43662,25020.7867,27967.00892,31879.57418,32768.45203,33621.99102,36905.0056,36724.7529,36556.275,36628.416,62.117332,-6.966986,
Fiji,70.70324871,505.6466267,1772.365595,5069.680124,7604.980849,12150.23931,15138.43799,50226.29446,54969.60103,60719.56835,69535.64174,79492.73397,91025.98644,102925.422,114637.4435,127544.3286,-17.825174,177.981699,
Finland,710000,860008.5578,1000031.718,1311065.668,1667071.049,1927000.745,2235090.679,3244677.512,3606773.859,3783149.901,3905985.922,4194844.618,4273610.162,4448176.658,4406241.295,4661254.019,64.962262,27.270144,
France,947462.4102,1500227.336,2479408.585,3696826.482,5361267.71,8448513.599,15635143.67,18039953.46,21750455.68,23723604.53,26149202.12,28767899.07,40807003.5,43891158.31,44697966.37,50292729.03,46.907679,2.470958,
French Polynesia,,200.2947491,481.6529103,3016.267796,8054.28569,15106.79867,15094.33648,20090.53039,35078.67232,45001.43076,54904.56812,64808.42623,74718.5355,89600.0367,119387.51,132674.36,-17.628766,-149.394675,
Gabon,,0,551.2282946,2003.962208,3005.20181,15022.66886,17022.66697,25030.25667,35039.62784,40043.79233,67073.39897,76694.67448,82101.21093,90064.251,98993.438,108844.9749,-3.211217,11.59754,
Gambia,103.8063837,411.2845942,611.1976753,2524.747823,9021.446177,11956.45441,17855.17205,24724.32006,34549.12238,48313.15924,57124.74434,81040.64784,98744.29731,112564.1616,128316.3042,159012.248,13.406523,-15.323892,
Georgia,600.0435597,2000.200327,3000.556294,5001.383076,20005.89126,23004.92017,46494.62149,73455.66651,116934.8426,175641.9323,272177.6828,334405.9662,364757.9656,439841.2018,877787.541,1170753.636,42.044706,43.340357,
Germany,1505648.269,2511060.075,5524971.151,8134457.604,17164904.18,24882867.42,26075390.96,40243315.09,46108618.05,53418007.22,56713741.77,59558077.18,62019248.83,64330711.38,65100238.35,67488021.3,51.085608,10.319895,
Ghana,59.13520564,984.5347038,4916.896931,5893.911854,19631.89559,29441.1245,39266.11242,167006.3279,245899.9372,362586.1471,396267.578,603743.2541,874427.5155,993380.3152,1296047.469,2329419.097,8.1065,-1.03727,
Gibraltar,,,725.1362782,1137.490002,1615.689274,5232.120394,5846.401871,6625.063402,8047.354039,9468.889766,11359.64055,13243.96557,15119.6656,16986.46,19037.5299,19008.6,36.128421,-5.371941,
Greece,79997.63871,150066.0424,200220.9944,350682.5429,752211.5308,1004073.363,1206395.24,1624458.098,1977770.816,2387743.306,2683947.36,3618224.25,4038551.26,4313470.274,4802476.704,5043549.624,37.474903,23.318478,
Greenland,30,1000,4434,8187,12102.21603,17841,20000,24999.55845,30999.45466,31999.43901,33000.57703,34002.37447,35002.8812,36006.5394,36004.1032,36096.48,75.856468,-41.341124,
Grenada,0,300.1400755,1001.179152,1502.95486,2506.652817,4125.760671,5216.871462,15047.22829,19054.44393,20051.07932,21047.94146,22045.78742,23040.7272,24042.9914,25035.3285,34961.3502,12.104435,-61.695881,
Guam,960.0065953,2000,3499.953109,6799.864961,12999.57514,24999.03321,39998.22338,49998.75231,54998.9885,59998.91515,64998.4576,74996.49188,79994.46194,84993.22138,89994.42938,,13.473251,144.788557,
Guatemala,300.27048,2001.626669,10007.33351,50033.21191,65039.59514,80045.56794,200112.8614,400237.9649,550346.6682,632642.964,724877.778,847268.76,975195.466,1136340.218,1305126.939,1510837.545,15.807973,-90.233092,
Guinea,50.58036238,152.1292385,303.570016,503.2575749,5002.225606,7962.719391,14872.50219,34593.80023,39431.76738,45230.58376,49027.6298,58661.64904,73116.59776,87943.812,91755.4398,99815.9,11.031216,-11.371446,
Guinea-Bissau,,,191.8534883,287.1815704,1432.323446,2854.786491,3789.115305,13191.76374,17804.92073,24243.8238,26004.87836,28708.01544,31421.9579,34234.35948,34183.44792,37122.988,11.306127,-15.194249,
Guyana,,480.0699107,962.0058426,1929.052729,29013.72623,48468.91078,97114.53759,,,,,,,136787.196,179970.107,225593.407,4.573589,-58.939266,
Haiti,,601.1279518,,2002.092274,6002.690675,19994.21129,29965.74294,79830.48896,149504.3428,497598.4909,596000.2725,644202.1281,691808.616,739961.232,799003.521,836434.7739,18.321816,-73.063766,
Honduras,2050.256728,2494.428128,9978.68187,17963.39545,34931.68716,74857.58384,89831.79374,168247.4026,317248.176,377615.168,447150.795,547385.982,672928.986,701063.232,730092.454,842898.1116,14.860376,-86.246695,
Hong Kong,197763.1448,297670.6471,674684.5425,954777.7353,1420892.265,1887645.221,2640819.467,2945441.715,3561208.583,3839563.985,3874809.771,4154457.312,4453561.44,4619887.456,4849655.344,5078296.08,22.436205,114.150789,
Hungary,69993.81455,99967.29786,199904.1595,399784.4315,599691.8776,714705.1036,1479684.295,1693550.809,2192095.162,2804623.018,3930878.959,4736247.344,5352690.876,5612256.16,6182388.871,6516325.092,47.121927,19.485818,
Iceland,30000,39995.11386,74972.24634,99947.05426,114965.3126,125055.5882,140272.1554,226902.7096,240876.5336,245771.7552,258166.41,269434.051,276983.226,282706.06,293454.99,304129.2,64.798529,-19.020785,
India,252973.9048,455255.9957,708073.4736,1415953.222,2831310.292,5559654.504,7072638.388,16742760.42,18650651.23,22191838.75,27225078.6,32460714.65,46371879.35,52159829.14,61836308.89,91846074.53,22.837076,78.586054,
Indonesia,52062.38604,114526.003,399689.7461,530627.5132,935987.8514,1975110.813,4364313.796,4674319.92,5295346.418,5840411.903,8187516.65,10955189.12,13450875.26,18602209.18,20647905.64,23747222.76,-0.978489,113.933877,
Iran,2497.69939,9624.739265,28968.07944,63016.37512,243337.8048,610421.4229,984239.8994,3109384.141,4719208.688,5160109.893,5648292.567,6182990.734,6764941.661,7402423.398,8096282.284,9616571.9,32.726601,54.136765,
Iraq,,,,,,,24552,126165.335,155489.892,239566.707,246235.149,267999.1841,269333.4033,298211.36,325680.9084,791789.775,33.577183,43.667107,
Ireland,40023.36478,80020.65144,150033.2375,300093.7518,410121.1466,678992.5028,894504.8294,1017399.389,1376004.609,1511291.552,1730161.276,2316927.83,2598356.719,2844162.644,2972927.558,3122225.15,53.160961,-8.000469,
Isle of Man,,,,,,,,,,,,,,,,,54.221501,-4.550389,
Israel,49610.88781,118973.4297,247721.064,594214.4355,791705.4789,1255548.658,1065537.824,1108793.972,1244593.134,1473531.857,1663958.671,1883406.45,3330549.497,4212131.224,4583111.009,4985164.8,31.466665,35.075574,
Italy,298747.6813,582644.3048,1295197.449,2591587.754,8177530.571,13170038.83,15570838.31,16122682.31,16803802.01,19366881.14,20534922.1,22445289.79,24268109.62,26669675.6,29419417.75,32503695.21,42.808529,12.560349,
Jamaica,2695.064282,14688.03521,20015.67672,50132.02062,60258.58393,80438.42113,100605.4512,160184.048,206408.982,266489.7,343251.584,442198.776,571607.862,641986.552,663578.082,715414.572,18.116182,-77.280588,
Japan,1984770.771,5458136.831,11462237.15,16811229.5,26852833.05,37704451.75,48509407.43,58731229.16,61117628.08,78803167.5,84583505.61,86862682.19,94001006.1,95414658.56,98710329.9,98951089.44,35.880381,137.405288,
Jordan,1018.111538,2026.7654,27609.94862,61141.92359,120068.784,126628.0229,231053.4666,301178.5249,431494.4971,607463.4462,690873.2149,762013.8524,1133488.6,1345258.96,1566653.92,2351146.26,30.636234,37.120917,
Kazakhstan,1799.996383,5000.440451,10002.60454,20008.02277,70024.01706,99999.6189,149889.0245,249568.8302,299243.4831,398976.9477,449344.4853,500463.5528,622138.9386,1722087.95,2883079.472,5448964.78,47.953662,66.901037,
Kenya,199.517221,2491.887637,9958.755746,14925.82776,34804.84728,99405.43189,198802.5125,397694.1423,994519.1173,1049230.023,1104727.715,2752918.184,2980077.057,3334084.741,3962003.675,10492784.64,0.022119,37.887744,
Kiribati,,,,499.9260145,999.8424949,1499.767921,1999.69613,2178.675,2663.28,3163.93,3679.52,4209.03,5702.58,6757.24,7842.16,8959.14,1.838405,-157.376927,
Korea Rep.,366089.6327,730088.5593,1628562.466,3085402.003,10774894.38,20556467.93,26155173.56,27573995,30539268.24,34045918.17,34577432.61,36916099.47,37429495.68,38664500.31,39138561.17,40329659.81,38.298621,127.50108,
Kosovo,,,,,,,,,,,,,,,,,42.629992,20.898755,
Kuwait,3303.005911,13931.20931,36506.36894,53834.92024,88333.36742,130641.9867,171855.7945,212134.778,476462.5571,501985.679,586970.7231,677008.0331,772692.8588,872989.0275,975165.7428,1046799.99,29.509952,47.482714,
Kyrgyzstan,,,,3512.179378,10028.53267,51599.86462,149785.0318,150043.9692,195764.6172,255454.1655,531154.3974,625649.1846,721031.5839,817044.328,,1066844.6,41.664337,74.741928,
Laos,,,,494.5616849,1972.500556,5904.277823,9826.070812,14725.6176,18639.08737,20482.69135,48923.96614,68340.1669,97274.714,213781.0355,366728.58,434062.58,18.789822,103.880718,
Latvia,,20014.10877,50083.63721,80223.48221,105405.3966,150707.8613,170903.7177,515664.596,629773.905,894758.5482,1060542.88,1229778.804,1350077.748,1508075.472,1549045.3,1601214.66,57.135376,24.593232,
Lebanon,2480.1124,4960.699994,44645.982,99207.16937,198406.0448,297617.8351,257959.2683,270795.28,314833.68,359823.78,410915.388,614618.55,774875.0128,938805.9495,993847.232,1310555.07,33.944403,35.852106,
Lesotho,,52.0585535,104.1618547,208.2795231,1040.759568,4159.612819,5194.230359,21790.08615,31093.98802,44533.11376,53301.47269,62143.63187,72565.19248,76161.3496,79950.2772,83812.8748,-30.352521,28.219032,
Liberia,,,105.973787,104.1586643,307.1177289,504.0473696,993.8414409,980.1175062,967.9908421,959.0894248,,,19172.44992,19389.838,19563.2379,279588.54,6.344812,-9.429833,
Libya,,,,,6860.344546,9784.553085,19541.02349,121968.2623,155954.1867,199704.1696,226044.9655,253492.7237,284408.5252,553465.8,676368.036,889715.68,26.970536,17.221693,
Liechtenstein,,,,,,11996.34848,14996.39065,19997.62117,19998.82381,21996.15955,21987.32573,22471.74577,22951.18984,24864.7,26829,28825.6,47.136756,9.545804,
Lithuania,,9998.385408,34999.41295,70004.63435,103000.6138,224949.1619,249814.4854,612498.9138,893161.747,1071832.338,1237183.926,1491675.905,1686142.457,1855281.008,1996639.567,2064627.153,55.134901,23.922989,
Luxembourg,6483.438295,22949.25789,29953.28672,49943.97371,74881.24025,99672.25346,158941.4966,176444.1888,243478.47,297045.0144,320037.9,337596.4086,375433.4888,400280.0163,434486.8647,456703.2,49.762803,6.108753,
Macao,1115.648921,2944.061707,9717.746797,29234.32656,39085.80062,58771.00826,99153.03501,113140.5532,118273.7332,148015.2425,167826.6451,228875.888,239336.8984,255291.1812,286845.3,308796.608,22.134851,113.559817,
Macedonia,799.9987777,1499.610902,9993.992499,19981.05594,29964.24375,49937.28916,69921.20285,350456.7915,386705.0833,496874.7316,539079.8305,584732.6442,743395.686,944982.0496,1064789.311,1069432.197,41.592582,21.72687,
Madagascar,,500.5981783,2004.082653,9028.017954,25109.50972,30174.61452,35260.10269,55506.76735,71286.21253,91190.43037,101542.5342,111952.8612,123372.5415,322513.653,328023.645,352134.923,-20.164164,46.863785,
Malawi,,,481.7502031,1916.311335,9532.816899,14235.92294,18910.50217,25452.37839,33861.94253,43343.62457,49301.47937,56098.29046,131255.2611,98035.791,154532.503,336759.0066,-15.849488,34.283804,
Malaysia,30184.79892,181034.7569,502584.8342,1507160.455,2813985.08,5007215.342,6397588.632,7927815.246,8763835.123,10812546.18,12692330.63,13728623.95,15067486.09,15346120.46,15623711.81,15989772.57,2.88105,114.403409,
Maldives,0,576.3116559,801.4667657,1503.058899,3008.074541,6021.774265,10048.50787,15094.92283,17132.79989,19171.0311,20281.822,33044.93714,49476.857,71370.624,77311.272,89395.455,3.259275,73.41157,
Mali,,207.4290946,1046.044741,2110.526697,6681.645607,16101.00488,21638.08339,27249.75377,38423.44085,55280.86705,66813.89414,99176.74784,113568.3666,227021.843,286268.4096,414984.843,18.956136,-4.014246,
Malta,869.7793719,4093.354609,15349.12989,25575.96946,30677.50797,52116.50116,71465.98356,116328.9648,128074.6068,140966.7546,168793.258,166119.0444,193513.152,207304.1568,244398.492,262404.45,35.889269,14.445195,
Marshall Islands,0,19.04447132,,,503.1300719,800.0460282,889.6749848,1215.972573,1336.064611,1870.732015,2018.360367,1981.677651,1947.700975,1917.837125,1893.444658,,7.075467,171.214748,
Mauritania,,,101.199393,1012.968413,3041.860603,5074.898031,7112.36013,10171.63316,12219.83382,14273.31632,20415.54671,30662.99555,46057.28973,61621.2498,77009.964,103793.19,20.575079,-10.951394,
Mauritius,,2114.168602,5528.656659,30102.30336,55104.07001,87089.12599,106097.8193,125177.883,150339.4109,170520.7329,190675.7711,211536.228,257936.43,280007.4669,290741.1859,368055.4276,-20.261277,57.550058,
Mexico,94638.79747,188098.0741,598714.5707,1227834.247,1829828.961,5079330.969,7131596.66,12213464.21,13403431.4,14829811.35,18325854.58,21049442.56,22728838.7,24017156,29509589.39,35217856.09,23.881206,-101.93075,
Moldova,150,200.044535,1200.641618,11009.89283,25031.56654,52683.11562,60110.67841,150308.5467,288628.2339,406883.0898,551104.1465,728899.4102,750829.93,850240.3001,1333055.61,1429154,47.126969,28.433423,
Monaco,,,,,,,,,,,,,,,,,43.746095,7.399786,
Mongolia,203.1983865,422.304435,2644.509633,3451.182416,12146.68388,30278.40316,40248.33292,50150.09215,,,,,,333167.5026,341669.034,355524.129,45.977821,103.821368,
Montenegro,,,,,,,,,,158922.6221,180610.9324,201821.9767,232600.6174,257803.0398,282790.9704,328374.8,42.839452,19.394351,
Morocco,999.1835063,1550.739314,5994.822047,39961.87478,49947.06678,199764.9505,399489.0022,699016.3577,998307.8576,3491916.582,4584535.729,6070167.842,6667407.785,10367400.94,13065058.41,15656191.88,29.931009,-9.022545,
Mozambique,,499.4408526,1996.94662,3493.185918,9976.607051,19946.55939,29912.30889,49845.67588,82737.29317,137562.9588,177450.0845,179473.0354,198483.0666,348393.24,612610.6676,975394.9005,-23.868235,35.531221,
Myanmar,,,,,67.50563579,,131.1117995,194.5206687,11031.89032,11212.29685,30219.39594,84844.13079,101867.6035,103950.693,104723.0228,,21.980993,96.674414,
Namibia,101.9222852,153.6345353,1029.236688,5168.806836,6223.504083,31181.61379,46802.36574,51973.64193,67477.07555,77743.23801,83407.00528,93196.80494,104400.063,117260.5714,131666.0096,148413.785,-23.170792,18.489005,
Nepal,199.7261253,998.5187156,4991.934119,14974.76029,34944.4037,49936.251,59956.26441,79999.62132,100080.2869,120188.6644,225499.2618,317690.4362,400071.1158,500062.6934,579825.0371,2375777.565,28.08729,84.334437,
Netherlands,998301.055,1497257.831,2195037.969,3490213.383,6180223.56,6977160.686,7876704.802,9834553.562,10384615.74,11117432.35,13207420.17,13708351.68,14111797.11,14427152.51,14842071.91,15071302.71,52.172163,5.323091,
New Caledonia,9.879277217,493.6121554,1973.159342,3943.874118,11824.97571,29546.96466,39376.47322,49199.56474,59021.57121,68854.73385,74775.21129,78753.88573,83743.563,83828.5861,83921.31,,-21.40548,165.510445,
New Zealand,179498.7792,298944.9028,547868.3235,1196948.437,1583996.688,1827918.453,2080035.958,2340766.447,2451162.905,2522845.14,2592926.962,2887583.07,2952564.794,3081305.823,3445134.516,3625552.88,-40.819203,173.873293,
Nicaragua,1393.267185,3980.273396,9949.546993,14922.75049,24868.84275,49733.28309,74593.39444,89504.15165,99441.31063,124295.0749,139207.5108,154124.9137,216982.506,298685.581,416846.79,578816.3,12.642873,-85.407314,
Niger,,98.73280718,197.5811243,296.560205,2967.849249,3960.61117,11894.50953,14884.69941,18868.07026,23830.8811,28760.83846,39577.37908,54442.55631,101150.049,113789.1532,128749.2099,17.673849,8.941981,
Nigeria,,9947.552942,19869.33033,29768.9275,49568.37851,79260.61321,113909.2815,416063.6246,743281.1936,1754284.515,4962548.067,7948195.889,9948614.993,23895584.78,43920958.87,45039710.64,8.952328,8.670509,
Northern Mariana Islands,,,,,,,,,,,,,,,,,15.203681,145.753201,
Norway,279994.3476,800301.4951,900855.7134,1001499.345,1101924.689,1201846.046,1320367.031,3303730.312,3561681.058,3563676.037,3790642.03,3854096.051,4104848.509,4328303.166,4451149.042,4560337.363,68.592455,18.00242,
Oman,,0,9967.767585,19523.20623,56838.90699,79708.07916,134330.7267,158285.6503,169491.7608,160748.2144,162378.279,206714.4034,427205.9916,527392.6,1396752.615,1725109.7,20.976826,55.911837,
Pakistan,156.2567799,3911.307846,36986.49167,60563.57051,78198.22598,,1945625.933,3876636.469,7720024.261,9607714.756,10045952.82,11436613.33,16617615.83,26405644.09,28285015.49,29128969.67,30.18869,69.709644,
Palau,,,,,,,,3962.346273,4255.068823,5340.934972,,,,,,,7.492864,134.573315,
Panama,1502.372321,6009.737135,15024.98569,78208.51646,111255.1046,193768.0429,218970.3587,261430.2854,312163.4314,354498.7924,371889.0841,571595.8576,746865.0117,1152073.903,1352910.911,1503440.55,7.571481,-80.108258,
Papua New Guinea,,100.058228,4999.720364,11992.64345,34960.47354,44926.58994,49893.73167,74805.06882,79757.10146,89692.68738,104609.3092,109566.2557,114529.6738,75316.582,107924.1121,87785.8048,-6.753704,145.86167,
Paraguay,,998.6694994,4993.423953,9987.027126,19974.47476,39949.93865,59927.34775,99884.83475,119868.6372,199786.95,466340.7748,478408.9325,685972.9695,889055.5334,1198617.588,1278000.504,-23.248588,-58.62286,
Peru,7961.204305,59708.12821,99515.44059,298537.1296,497468.6064,795623.0083,1987778.714,2383348.017,3122295.672,3841126.653,4712549.499,5768342.109,7097851.656,8701242.427,9032260.868,9973243.616,-8.323386,-74.844307,
Philippines,19797.13814,39627.36588,99162.12963,816971.0448,1083292.469,1532479.252,1993065.648,3493131.957,3997572.33,4401328.578,4617485.022,5000984.97,5292562.071,5608769.246,8253278.1,23315199.5,13.902955,121.972275,
Poland,248683.6377,497343.1946,795985.0659,1573894.906,2091784.833,2790497.251,3788670.466,8085750.116,9499880.154,12418371.09,14811852.02,17016333.11,18560224.33,20305468.86,22555569.75,23854014.51,51.874599,19.13354,
Portugal,151300.5193,303126.7618,505764.9476,1011951.137,1517527.313,1698287.48,1877400.642,2018984.687,3105205.234,3338887.203,3689227.684,4020557.163,4464922.352,4455902.428,4955586.375,5455217.292,39.439163,-7.851428,
Puerto Rico,5000.988952,10008.53286,50085.27657,100214.4859,200273.6049,399540.0582,596634.3854,669064.9538,749552.7795,839280.1415,884986.632,959967.1182,1049041.554,1428412.78,1557734.04,1698301.077,18.222808,-66.435966,
Qatar,953.6554468,4766.476847,16306.46481,19318.90942,23197.86287,28742.25256,37518.7499,63828.73571,125748.6685,148047.0065,203058.5213,283464.1754,435931.04,942340.5,,1435175.088,25.370318,51.184245,
Romania,17000,50014.4365,100071.1687,500619.359,601093.4372,801944.6858,1003046.173,1448309.39,1951352.323,3276789.6,4680926.035,5352496.155,6125502.738,6999330.165,7882622.154,8579507.94,45.733316,24.971504,
Russia,220298.4992,400467.0125,700645.0847,1200823.538,1500829.066,2901733.813,4303539.248,6007446.329,12023428.18,18556996.03,21902527.74,25865216.12,35336431.84,38410659.73,41488582.62,61472010.52,62.597942,88.620013,
Rwanda,,51.26938736,102.3879781,816.8761391,5093.899287,5088.307731,20353.58868,25461.66587,31615.33458,38818.48088,51165.39,,205415.3277,450184.14,793968.175,1381120.65,-2.077122,29.872522,
Saint Kitts and Nevis,,850.4863925,1000.587226,1500.969705,2001.276128,2701.758843,3602.391565,10006.55724,11007.80973,12008.41081,16718.82,24407.39,26236.6,30661.2,35708.88,39825.52,17.331021,-62.742186,
Saint Lucia,449.520119,999.1418036,1498.958223,1998.877709,2998.705489,7997.556568,12997.62726,23498.82865,34003.14737,35009.19994,35645.82271,40915.49,47093.247,54599.68,62084.88,69706.8,13.891451,-60.980046,
Saint Martin,,,,,,,,,,,,,,,,,18.079886,-63.078031,
Saint Vincent and the Grenadines,139.037304,522.1449745,1000.287175,2000.593279,3000.918061,3501.103313,5501.732235,6001.886862,7002.13255,8002.579908,10003.58733,35014.78801,57027.474,66041.7722,76040.2971,,13.257651,-61.200924,
Samoa,,,299.8551054,399.7719446,499.7717533,999.9603525,3002.027883,4006.756946,5015.285982,5526.695595,6042.611446,8078.746844,8610.62711,9147.92949,10944.06,12815.67,-13.642405,-172.478137,
San Marino,349.7684374,369.828631,369.9148871,370.0422567,11364.70836,13159.7599,13865.60592,14361.35063,14507.50183,15029.32848,15229.15055,15424.60224,15616.62039,17009.1496,16999.7139,,43.933703,12.438934,
Sao Tome and Principe,,,,401.8727118,502.9455776,6540.772563,9051.749527,11049.65336,15043.39108,20025.71311,21000,21977.87605,22959.73027,24745.0896,26668.7115,31011.9375,0.234574,6.611849,
Saudi Arabia,2025.991236,5022.120734,9909.568586,19531.99842,96638.6937,443139.2746,968115.5681,1370353.835,1787103.209,2375820.643,3054432.44,4825859.727,7651252.8,9419990.04,10187459.9,11253715.26,23.295582,45.105391,
Senegal,57.98532917,965.5721653,2410.046608,7216.672256,28822.99671,38400.59173,96006.89797,100878.8907,216404.9989,464099.0572,520403.8898,626805.8985,883548.897,1249435.038,1755495.425,1989396.48,12.979959,-14.456581,
Serbia,,,,,,,,,,2325442.5,2018571.814,2081969.6,2536248.488,2726536.716,2921949.96,3139144.939,44.261917,20.914656,
Seychelles,,491.8239977,978.0614536,1945.131424,4846.827542,5819.250823,8771.767067,11534.88336,11916.23903,20056.31136,21223.38263,29461.36602,32613.405,34603.6992,,35472.38,-4.609951,55.463002,
Sierra Leone,0,97.69284439,195.2079378,585.3486112,1953.329684,4899.409391,6897.541337,7938.670429,8995.234258,10053.21237,11100.06663,12128.78123,13138.83791,14030.3225,14922.1618,,8.557196,-11.79133,
Singapore,100043.0725,298639.3742,494501.8276,736860.2766,928702.3928,1410948,1658881.291,1895141.99,2199845.282,2579297.96,2602259.39,2601873.45,3117727.92,3292829.04,3412495.05,3611356.78,1.355878,103.822324,
Slovak Republic,28090.59907,42147.32904,63244.00458,145156.8762,293712.3492,509504.1014,677412.0001,2170836.227,2328111.933,2862057.197,2988812.242,3040726.018,3356341.932,3880193.882,4098244.346,4338014.91,48.793053,19.692059,
Slovenia,57000,99999.23916,149997.7983,199996.4634,249996.4689,300000,600013.2774,554361.0147,635320.2741,815367.0679,937175.5204,1083928.31,1141804.553,1170539.76,1295385.6,1420776,46.063558,14.940281,
Solomon Islands,88.64448092,984.3572417,1475.634132,1966.615329,1966.430523,1967.214062,1969.005288,2168.830778,2468.819173,2968.477882,3966.599192,7951.860785,9929.8,15306.63,20965,26907.4,-9.617074,160.209451,
Somalia,0,100.0613632,200.1184203,500.28715,1000.591331,1479.8066,6004.543172,9007.797023,30027.95527,86076.72311,90063.08832,94040.96106,98010.36946,101953.5383,105845.9173,,4.438778,46.191087,
South Africa,280186.6449,355070.3562,699733.3648,1264677.611,1816803.156,2394035.661,2880703.662,3087782.046,3267782.237,3978902.997,3578983.181,3676600.134,3939327.804,4157622.301,4975150.3,6166336.491,-29.997512,24.682116,
Spain,150137.6709,526339.5412,1110357.115,1733155.763,2830396.125,5489286.477,7398691.594,8434267.631,16786492.14,18806393.69,20777737.15,22171809.68,24581476.02,26907169.77,28478182.51,30318658.76,40.085967,-2.970021,
Sri Lanka,999.7851198,9989.113636,29939.38448,54854.87094,64840.30773,121357.5504,150205.3379,200988.8889,282524.8461,283600.707,355587.5302,509088.2931,786564.0372,1187480.342,1814750.668,2503193.88,7.637014,80.793885,
Sudan,0,0,390.9023517,1564.018235,2934.635598,8815.317026,49067.96031,157403.7946,197314.5178,296864.474,496276.9589,3185730.589,3496356.791,4207779.342,,,16.069656,30.212553,
Suriname,500.0906294,1000.038472,4493.398148,7584.544882,8710.535184,11701.07974,14508.04865,19981.02325,22976.35342,29969.2552,31970.22565,47964.85138,71980.1896,108472.8996,163028.4096,165732.5124,3.748698,-56.028255,
Swaziland,9.941850568,496.2447698,891.5022417,988.5843279,4933.939492,9853.124508,13778.15676,19665.4371,26533.00791,35369.82525,40848.05562,41312.66537,46453.287,78798.564,88794.22,95121.6912,-26.526535,31.450152,
Sweden,450000,800125.3443,2100856.816,2962761.73,3667831.743,4047995.888,4595249.465,6282022.137,7070575.69,7531614.839,7659593.364,7978004.463,7513242.817,8313184.8,8473110.1,8441718.3,63.53964,16.051612,
Switzerland,249304.8011,321249.5796,1070662.933,1764011.104,2426491.6,3376084.668,3971600.837,4454554.65,4756907.778,4990914.618,5197919.907,5653540.95,5806685.236,5997977.568,6196044.543,6430362.802,46.97259,8.210718,
Syria,0,0,4844.368122,9680.673857,19356.32476,29050.93926,58210.80306,355051.0094,594308.944,778094.1869,1044002.813,1481975.699,,2757196.26,3469297.539,4224995.442,35.103091,39.050567,
Tajikistan,,,,,2001.702881,2999.959176,3194.770031,3486.287371,4092.495707,4951.833841,19275.18408,246135.698,475361.4548,587506.3248,683087.373,794482.5735,38.915426,71.253407,
Thailand,44633.43142,69581.33037,219679.6941,672849.8057,1514184.881,2329815.09,3550430.105,4868420.957,6078799.864,7053467.47,10022116.96,11545108.16,13579629.14,12424772.72,13809930.52,14653913.61,15.243715,100.62085,
Togo,0,459.9788062,9183.192201,13751.80575,27456.34313,91348.58102,136738.9523,181911.1639,190546.183,200008.5454,216321.76,237786.044,254376.495,277288.176,300994.809,324295.5324,8.370084,0.808121,
Tonga,118.1872702,157.5627534,493.2463499,741.9201812,991.8155444,2384.127725,2782.313172,2879.765211,2975.63573,3963.677684,4953.22883,5946.670569,7341.699494,8346.793349,10351.9,12486.96,-21.190395,-175.206846,
Trinidad and Tobago,1994.970833,4987.606171,14963.37349,34915.8029,74821.90949,99765.11466,199532.7689,286329.4804,339208.1209,354186.029,381155.6186,396174.8969,428192.056,463201.92,592002.607,650610.525,10.42207,-61.417254,
Tunisia,1000.059653,2500.13283,4000.231819,10001.0168,150032.7229,260113.2205,410303.3075,506072.6172,631051.7117,837018.9417,957023.1849,1300956.602,1732292.928,2821088.573,3531385.822,3856983.712,33.759304,9.521982,
Turkey,48087.24127,115291.8686,287927.3224,431460.9725,1436988.539,2393479.763,3349546.346,7447773.577,8179652.089,9802998.157,10534936.56,12597189.33,20038925.47,24376486,26152021.17,28969975.82,39.131224,35.438643,
Turkmenistan,,,,,2003.166311,5999.589491,7975.076446,13898.35373,19762.11457,35416.18878,47348.13582,63363.88218,68332.85785,86071.93,97103.604,110923.89,39.746337,59.541952,
Turks and Caicos Islands,,,,,,,,,,,,,,,,,21.816346,-71.740009,
Tuvalu,,,,,,493.7100325,,,,,,,976.2,1467.9,1961.2,2456.75,-8.501868,179.204544,
Uganda,596.4918468,993.357231,2282.966896,14878.71372,24784.39062,39640.28255,59448.63126,99074.60352,123843.5605,198147.681,495330.0007,742880.273,1114070.432,2475811.968,3165581.5,4178085.375,1.335563,32.277466,
Ukraine,22025.27479,50052.53546,100092.5794,150116.7662,200123.0102,350155.0753,600157.5331,900071.395,1499871.179,1649659.392,1759536.717,2099484.409,3031481.349,10315912.29,15154525.82,20451748.05,49.349177,31.146191,
United Arab Emirates,2417.566661,9287.172221,86068.02836,190358.0815,432895.668,716671.3758,827413.1355,921614.0989,1002533.11,1102215.469,1627739.6,2424618.56,3297380.01,4468768.56,5204111.25,5859118.2,23.433549,53.976813,
United Kingdom,1099144.73,2398186.006,4307073.905,7995303.267,12493278.45,15791071.04,19786365.83,33515215.62,38635537.73,39295002.11,42141908.9,41662350.01,45726882.24,48029802.28,51516674.41,52730234.5,53.276027,-2.232055,
United States,24600556.9,44232691.29,58935677.59,83053031.2,100125498.2,121697044.8,140147751.6,169576672.1,179718040.2,190430149.5,201742975.8,206493363.8,226713423,225691907.4,218457577.6,229684121.5,39.858648,-99.69866,
Uruguay,9996.687827,59977.88576,109954.4281,229892.8184,329828.269,349798.2824,369766.6722,379740.6638,529610.8151,566728.1175,667435.9236,978270.594,1134079.52,1314965.031,1403389.438,1606910.922,-32.904358,-55.774756,
Uzbekistan,350,1000.455632,2502.703461,5007.511653,7509.265425,120000,149646.186,273460.5729,487510.7949,666799.8074,867554.3528,1674617.408,1985297.355,2434557.945,4627563.64,5488940.4,41.193444,64.56224,
Vanuatu,,97.65113833,244.024966,487.9029162,975.6096248,3901.983418,5365.179844,6828.955814,7805.342636,9757.16381,10732.3643,12681.72817,15121.636,16576.57376,17534.25,19172.08,-15.614158,166.88509,
Venezuela,26929.93056,55856.76358,89772.94256,324190.5871,678326.8315,818005.0038,1150223.87,1241033.599,1930220.072,2201970.529,3347146.677,4130269.5,5747710.844,7261277.118,8898212.856,10337114.99,6.678854,-66.078262,
Vietnam,,101.2679687,3030.715703,10073.13704,100422.1368,200240.8824,1007833.979,1493285.979,3076281.235,6286874.222,10594671.07,14506872.84,17643673.71,20559697.35,23072261.43,24211031.44,16.310996,107.439062,
Virgin Islands (U.S.),2998.599021,4997.862295,7497.498587,9997.04153,11995.57016,14990.88205,19979.23538,29950.51002,29931.15303,29914.8575,29904.56832,29902.14925,29906.22608,29913.8104,29921.37202,,17.736607,-64.726535,
West Bank and Gaza,,,,,,35545.79582,60339.21198,104050.8448,141243.0392,153304.7715,569070.8991,669698.5449,789496.1258,932070.0747,1266855.586,1512273.485,31.958774,35.219845,
Yemen Rep.,,97.57309592,2438.145366,3898.911469,9744.942182,14621.69695,16585.98437,97698.72975,117437.6086,176474.7467,216521.2439,265637.657,1099544.199,1558972.396,2323490.114,2970485.479,15.864696,47.850598,
Zambia,783.4513907,830.9116517,878.6783731,2926.516523,14624.60707,19492.29207,24361.63066,51088.15469,107247.7939,225364.9608,326878.2531,488794.1917,587097.2008,687068.466,802868.3726,1308857,-14.608141,27.82704,
Zimbabwe,897.7980511,1996.605132,3998.259975,10011.5255,20056.23075,50217.23576,100580.7602,503600.0732,806571.6023,826930.3187,1007663.435,1226883.958,1354215.083,1419475.902,1417045.491,1445717.21,-18.965049,29.131069,
,,,,,,,,,,,,,,,,,,,
,,,,,,,,,,,,,,,,,,,
,,,,,,,,,,,,,,,,,,,
,,,,,,,,,,,,,,,,,,,
,,,,,,,,,,,,,,,,,,,
,,,,,,,,,,,,,,,,,,,
,,,,,,,,,,,,,,,,,,,
,,,,,,,,,,,,,,,,,,,
,,,,,,,,,,,,,,,,,,,
,,,,,,,,,,,,,,,,,,,
,,,,,,,,,,,,,,,,,,,
,,,,,,,,,,,,,,,,,,,
,,,,,,,,,,,,,,,,,,,
,,,,,,,,,,,,,,,,,,,
,,,,,,,,,,,,,,,,,,,
,,,,,,,,,,,,,,,,,,,
,,,,,,,,,,,,,,,,,,,
,,,,,,,,,,,,,,,,,,,
,,,,,,,,,,,,,,,,,,,
,,,,,,,,,,,,,,,,,,,
,,,,,,,,,,,,,,,,,,,
,,,,,,,,,,,,,,,,,,,
,,,,,,,,,,,,,,,,,,,
,,,,,,,,,,,,,,,,,,,
,,,,,,,,,,,,,,,,,,,
,,,,,,,,,,,,,,,,,,,
,,,,,,,,,,,,,,,,,,,
,,,,,,,,,,,,,,,,,,,
,,,,,,,,,,,,,,,,,,,
,,,,,,,,,,,,,,,,,,,
,,,,,,,,,,,,,,,,,,,
